"Meeting ID, Start time, End time, etc................................................................"
"Meeting ID, Start time, End time, etc................................................................"

"Name (Original Name),User Email,Total Duration (Minutes),Guest"
"A A,A@A.com,100,Nx"
"B B,B@B.com,95,Nx"
"C C,C@C.com,90,Nx"
"E E,E@E.com,30,Nx"
"G G,G@G.com,78,Nx"
"H H,H@H.com,83,Nx"
"I I,I@I.com,82,Nx"
"J J,J@J.com,94,Nx"
"L L,L@L.com,62,Nx"
"M M,M@M.com,115,Nx"
"N N,N@N.com,85,Nx"
"O O,O@O.com,34,Nx"
"Q Q,Q@Q.com,44,Nx"
"R R,R@R.com,98,Nx"
"S S,S@S.com,113,Nx"
"T T,T@T.com,98,Nx"
"V V,V@V.com,49,Nx"
"W W,W@W.com,88,Nx"
"X X,X@X.com,33,Nx"
"Z Z,Z@Z.com,102,Nx"